{
  "out_dir": "out/simple_graph_1_1_120_100",
  "max_tf_accuracy": 0.914453125,
  "max_tf_iteration": 57000,
  "final_tf_accuracy": 0.229296875,
  "accuracy_drop": 0.6851562499999999,
  "phase_transitions": [
    {
      "iteration": 17000,
      "before": 0.866103515625,
      "after": 0.737646484375,
      "drop": 0.12845703124999996
    },
    {
      "iteration": 18000,
      "before": 0.822294921875,
      "after": 0.714306640625,
      "drop": 0.10798828124999993
    },
    {
      "iteration": 119500,
      "before": 0.806142578125,
      "after": 0.671875,
      "drop": 0.134267578125
    }
  ],
  "checkpoints": [
    0,
    1000,
    2000,
    3000,
    4000,
    5000,
    6000,
    7000,
    8000,
    9000,
    10000,
    15000,
    20000,
    30000,
    40000,
    45000,
    50000,
    60000,
    70000,
    75000,
    80000,
    90000,
    100000,
    105000,
    120000,
    135000,
    140000,
    150000,
    160000,
    180000,
    200000
  ]
}