{
  "checkpoints": [
    0,
    20000,
    40000,
    60000,
    80000,
    100000,
    120000,
    140000,
    160000,
    180000,
    200000
  ],
  "tf_accuracy": [
    0.0,
    0.7356756756756757,
    0.7237837837837838,
    0.7356756756756757,
    0.727027027027027,
    0.7243243243243244,
    0.7351351351351352,
    0.7351351351351352,
    0.7243243243243244,
    0.7351351351351352,
    0.7356756756756757
  ],
  "position_3_accuracy": [
    0.0,
    1.0,
    1.0,
    1.0,
    1.0,
    1.0,
    1.0,
    1.0,
    1.0,
    1.0,
    1.0
  ],
  "position_3_entropy": [
    4.590287685394287,
    0.34038397669792175,
    0.3152022063732147,
    0.30789992213249207,
    0.3098113238811493,
    0.2966991364955902,
    0.2919146716594696,
    0.2912071645259857,
    0.2844821512699127,
    0.27830106019973755,
    0.272485613822937
  ],
  "position_3_top1_prob": [
    0.024753449428826572,
    0.8508021827042103,
    0.8559521549940109,
    0.8575674186646939,
    0.8519041946530342,
    0.860971426665783,
    0.8610664610564709,
    0.8601075822114944,
    0.8615529039502143,
    0.8630929370224476,
    0.8678946253657341
  ],
  "valid_path_rate": [
    0.0,
    0.94,
    0.97,
    0.96,
    0.96,
    0.98,
    0.96,
    0.96,
    1.0,
    0.96,
    0.98
  ]
}